{
  "products": [
    {
      "id": 1,
      "img": "https://lp2.hm.com/hmgoepprod?set=quality%5B79%5D%2Csource%5B%2F1e%2F86%2F1e86c77fb86afc19daad9acb5b39470e7bc5ca1f.jpg%5D%2Corigin%5Bdam%5D%2Ccategory%5Bmen_tshirtstanks_shortsleeve%5D%2Ctype%5BDESCRIPTIVESTILLLIFE%5D%2Cres%5Bm%5D%2Chmver%5B2%5D&call=url[file:/product/main]",
      "title": "A Shirt",
      "price": 1499,
      "description": "A shirt is a cloth garment for the upper body. Originally an undergarment worn exclusively by men, it has become, in American English, a catch-all term for a broad variety of upper-body garments and undergarments."
    },
    {
      "id": 2,
      "img": "https://lp2.hm.com/hmgoepprod?set=quality%5B79%5D%2Csource%5B%2F1e%2F86%2F1e86c77fb86afc19daad9acb5b39470e7bc5ca1f.jpg%5D%2Corigin%5Bdam%5D%2Ccategory%5Bmen_tshirtstanks_shortsleeve%5D%2Ctype%5BDESCRIPTIVESTILLLIFE%5D%2Cres%5Bm%5D%2Chmver%5B2%5D&call=url[file:/product/main]",
      "title": "B Shirt",
      "price": 1936,
      "description": "A shirt is a cloth garment for the upper body. Originally an undergarment worn exclusively by men, it has become, in American English, a catch-all term for a broad variety of upper-body garments and undergarments."
    },
    {
      "id": 3,
      "img": "https://lp2.hm.com/hmgoepprod?set=quality%5B79%5D%2Csource%5B%2F1e%2F86%2F1e86c77fb86afc19daad9acb5b39470e7bc5ca1f.jpg%5D%2Corigin%5Bdam%5D%2Ccategory%5Bmen_tshirtstanks_shortsleeve%5D%2Ctype%5BDESCRIPTIVESTILLLIFE%5D%2Cres%5Bm%5D%2Chmver%5B2%5D&call=url[file:/product/main]",
      "title": "C Shirt",
      "price": 1563,
      "description": "A shirt is a cloth garment for the upper body. Originally an undergarment worn exclusively by men, it has become, in American English, a catch-all term for a broad variety of upper-body garments and undergarments."
    },
    {
      "id": 4,
      "img": "https://lp2.hm.com/hmgoepprod?set=quality%5B79%5D%2Csource%5B%2F1e%2F86%2F1e86c77fb86afc19daad9acb5b39470e7bc5ca1f.jpg%5D%2Corigin%5Bdam%5D%2Ccategory%5Bmen_tshirtstanks_shortsleeve%5D%2Ctype%5BDESCRIPTIVESTILLLIFE%5D%2Cres%5Bm%5D%2Chmver%5B2%5D&call=url[file:/product/main]",
      "title": "D Shirt",
      "price": 1525,
      "description": "A shirt is a cloth garment for the upper body. Originally an undergarment worn exclusively by men, it has become, in American English, a catch-all term for a broad variety of upper-body garments and undergarments."
    },
    {
      "id": 5,
      "img": "https://lp2.hm.com/hmgoepprod?set=quality%5B79%5D%2Csource%5B%2F1e%2F86%2F1e86c77fb86afc19daad9acb5b39470e7bc5ca1f.jpg%5D%2Corigin%5Bdam%5D%2Ccategory%5Bmen_tshirtstanks_shortsleeve%5D%2Ctype%5BDESCRIPTIVESTILLLIFE%5D%2Cres%5Bm%5D%2Chmver%5B2%5D&call=url[file:/product/main]",
      "title": "E Shirt",
      "price": 1494,
      "description": "A shirt is a cloth garment for the upper body. Originally an undergarment worn exclusively by men, it has become, in American English, a catch-all term for a broad variety of upper-body garments and undergarments."
    },
    {
      "id": 6,
      "img": "https://lp2.hm.com/hmgoepprod?set=quality%5B79%5D%2Csource%5B%2F1e%2F86%2F1e86c77fb86afc19daad9acb5b39470e7bc5ca1f.jpg%5D%2Corigin%5Bdam%5D%2Ccategory%5Bmen_tshirtstanks_shortsleeve%5D%2Ctype%5BDESCRIPTIVESTILLLIFE%5D%2Cres%5Bm%5D%2Chmver%5B2%5D&call=url[file:/product/main]",
      "title": "F Shirt",
      "price": 1117,
      "description": "A shirt is a cloth garment for the upper body. Originally an undergarment worn exclusively by men, it has become, in American English, a catch-all term for a broad variety of upper-body garments and undergarments."
    },
    {
      "id": 7,
      "img": "https://lp2.hm.com/hmgoepprod?set=quality%5B79%5D%2Csource%5B%2F1e%2F86%2F1e86c77fb86afc19daad9acb5b39470e7bc5ca1f.jpg%5D%2Corigin%5Bdam%5D%2Ccategory%5Bmen_tshirtstanks_shortsleeve%5D%2Ctype%5BDESCRIPTIVESTILLLIFE%5D%2Cres%5Bm%5D%2Chmver%5B2%5D&call=url[file:/product/main]",
      "title": "G Shirt",
      "price": 1305,
      "description": "A shirt is a cloth garment for the upper body. Originally an undergarment worn exclusively by men, it has become, in American English, a catch-all term for a broad variety of upper-body garments and undergarments."
    },
    {
      "id": 8,
      "img": "https://lp2.hm.com/hmgoepprod?set=quality%5B79%5D%2Csource%5B%2F1e%2F86%2F1e86c77fb86afc19daad9acb5b39470e7bc5ca1f.jpg%5D%2Corigin%5Bdam%5D%2Ccategory%5Bmen_tshirtstanks_shortsleeve%5D%2Ctype%5BDESCRIPTIVESTILLLIFE%5D%2Cres%5Bm%5D%2Chmver%5B2%5D&call=url[file:/product/main]",
      "title": "H Shirt",
      "price": 1393,
      "description": "A shirt is a cloth garment for the upper body. Originally an undergarment worn exclusively by men, it has become, in American English, a catch-all term for a broad variety of upper-body garments and undergarments."
    },
    {
      "id": 9,
      "img": "https://lp2.hm.com/hmgoepprod?set=quality%5B79%5D%2Csource%5B%2F1e%2F86%2F1e86c77fb86afc19daad9acb5b39470e7bc5ca1f.jpg%5D%2Corigin%5Bdam%5D%2Ccategory%5Bmen_tshirtstanks_shortsleeve%5D%2Ctype%5BDESCRIPTIVESTILLLIFE%5D%2Cres%5Bm%5D%2Chmver%5B2%5D&call=url[file:/product/main]",
      "title": "I Shirt",
      "price": 1744,
      "description": "A shirt is a cloth garment for the upper body. Originally an undergarment worn exclusively by men, it has become, in American English, a catch-all term for a broad variety of upper-body garments and undergarments."
    },
    {
      "id": 10,
      "img": "https://lp2.hm.com/hmgoepprod?set=quality%5B79%5D%2Csource%5B%2F1e%2F86%2F1e86c77fb86afc19daad9acb5b39470e7bc5ca1f.jpg%5D%2Corigin%5Bdam%5D%2Ccategory%5Bmen_tshirtstanks_shortsleeve%5D%2Ctype%5BDESCRIPTIVESTILLLIFE%5D%2Cres%5Bm%5D%2Chmver%5B2%5D&call=url[file:/product/main]",
      "title": "J Shirt",
      "price": 1004,
      "description": "A shirt is a cloth garment for the upper body. Originally an undergarment worn exclusively by men, it has become, in American English, a catch-all term for a broad variety of upper-body garments and undergarments."
    },
    {
      "id": 11,
      "img": "https://lp2.hm.com/hmgoepprod?set=quality%5B79%5D%2Csource%5B%2F1e%2F86%2F1e86c77fb86afc19daad9acb5b39470e7bc5ca1f.jpg%5D%2Corigin%5Bdam%5D%2Ccategory%5Bmen_tshirtstanks_shortsleeve%5D%2Ctype%5BDESCRIPTIVESTILLLIFE%5D%2Cres%5Bm%5D%2Chmver%5B2%5D&call=url[file:/product/main]",
      "title": "K Shirt",
      "price": 1787,
      "description": "A shirt is a cloth garment for the upper body. Originally an undergarment worn exclusively by men, it has become, in American English, a catch-all term for a broad variety of upper-body garments and undergarments."
    },
    {
      "id": 12,
      "img": "https://lp2.hm.com/hmgoepprod?set=quality%5B79%5D%2Csource%5B%2F1e%2F86%2F1e86c77fb86afc19daad9acb5b39470e7bc5ca1f.jpg%5D%2Corigin%5Bdam%5D%2Ccategory%5Bmen_tshirtstanks_shortsleeve%5D%2Ctype%5BDESCRIPTIVESTILLLIFE%5D%2Cres%5Bm%5D%2Chmver%5B2%5D&call=url[file:/product/main]",
      "title": "L Shirt",
      "price": 1433,
      "description": "A shirt is a cloth garment for the upper body. Originally an undergarment worn exclusively by men, it has become, in American English, a catch-all term for a broad variety of upper-body garments and undergarments."
    },
    {
      "id": 13,
      "img": "https://lp2.hm.com/hmgoepprod?set=quality%5B79%5D%2Csource%5B%2F1e%2F86%2F1e86c77fb86afc19daad9acb5b39470e7bc5ca1f.jpg%5D%2Corigin%5Bdam%5D%2Ccategory%5Bmen_tshirtstanks_shortsleeve%5D%2Ctype%5BDESCRIPTIVESTILLLIFE%5D%2Cres%5Bm%5D%2Chmver%5B2%5D&call=url[file:/product/main]",
      "title": "M Shirt",
      "price": 1825,
      "description": "A shirt is a cloth garment for the upper body. Originally an undergarment worn exclusively by men, it has become, in American English, a catch-all term for a broad variety of upper-body garments and undergarments."
    },
    {
      "id": 14,
      "img": "https://lp2.hm.com/hmgoepprod?set=quality%5B79%5D%2Csource%5B%2F1e%2F86%2F1e86c77fb86afc19daad9acb5b39470e7bc5ca1f.jpg%5D%2Corigin%5Bdam%5D%2Ccategory%5Bmen_tshirtstanks_shortsleeve%5D%2Ctype%5BDESCRIPTIVESTILLLIFE%5D%2Cres%5Bm%5D%2Chmver%5B2%5D&call=url[file:/product/main]",
      "title": "N Shirt",
      "price": 1394,
      "description": "A shirt is a cloth garment for the upper body. Originally an undergarment worn exclusively by men, it has become, in American English, a catch-all term for a broad variety of upper-body garments and undergarments."
    },
    {
      "id": 15,
      "img": "https://lp2.hm.com/hmgoepprod?set=quality%5B79%5D%2Csource%5B%2F1e%2F86%2F1e86c77fb86afc19daad9acb5b39470e7bc5ca1f.jpg%5D%2Corigin%5Bdam%5D%2Ccategory%5Bmen_tshirtstanks_shortsleeve%5D%2Ctype%5BDESCRIPTIVESTILLLIFE%5D%2Cres%5Bm%5D%2Chmver%5B2%5D&call=url[file:/product/main]",
      "title": "A Shirt",
      "price": 1879,
      "description": "A shirt is a cloth garment for the upper body. Originally an undergarment worn exclusively by men, it has become, in American English, a catch-all term for a broad variety of upper-body garments and undergarments."
    },
    {
      "id": 16,
      "img": "https://lp2.hm.com/hmgoepprod?set=quality%5B79%5D%2Csource%5B%2F1e%2F86%2F1e86c77fb86afc19daad9acb5b39470e7bc5ca1f.jpg%5D%2Corigin%5Bdam%5D%2Ccategory%5Bmen_tshirtstanks_shortsleeve%5D%2Ctype%5BDESCRIPTIVESTILLLIFE%5D%2Cres%5Bm%5D%2Chmver%5B2%5D&call=url[file:/product/main]",
      "title": "O Shirt",
      "price": 1690,
      "description": "A shirt is a cloth garment for the upper body. Originally an undergarment worn exclusively by men, it has become, in American English, a catch-all term for a broad variety of upper-body garments and undergarments."
    },
    {
      "id": 17,
      "img": "https://lp2.hm.com/hmgoepprod?set=quality%5B79%5D%2Csource%5B%2F1e%2F86%2F1e86c77fb86afc19daad9acb5b39470e7bc5ca1f.jpg%5D%2Corigin%5Bdam%5D%2Ccategory%5Bmen_tshirtstanks_shortsleeve%5D%2Ctype%5BDESCRIPTIVESTILLLIFE%5D%2Cres%5Bm%5D%2Chmver%5B2%5D&call=url[file:/product/main]",
      "title": "P Shirt",
      "price": 1900,
      "description": "A shirt is a cloth garment for the upper body. Originally an undergarment worn exclusively by men, it has become, in American English, a catch-all term for a broad variety of upper-body garments and undergarments."
    },
    {
      "id": 18,
      "img": "https://lp2.hm.com/hmgoepprod?set=quality%5B79%5D%2Csource%5B%2F1e%2F86%2F1e86c77fb86afc19daad9acb5b39470e7bc5ca1f.jpg%5D%2Corigin%5Bdam%5D%2Ccategory%5Bmen_tshirtstanks_shortsleeve%5D%2Ctype%5BDESCRIPTIVESTILLLIFE%5D%2Cres%5Bm%5D%2Chmver%5B2%5D&call=url[file:/product/main]",
      "title": "Q Shirt",
      "price": 1017,
      "description": "A shirt is a cloth garment for the upper body. Originally an undergarment worn exclusively by men, it has become, in American English, a catch-all term for a broad variety of upper-body garments and undergarments."
    },
    {
      "id": 19,
      "img": "https://lp2.hm.com/hmgoepprod?set=quality%5B79%5D%2Csource%5B%2F1e%2F86%2F1e86c77fb86afc19daad9acb5b39470e7bc5ca1f.jpg%5D%2Corigin%5Bdam%5D%2Ccategory%5Bmen_tshirtstanks_shortsleeve%5D%2Ctype%5BDESCRIPTIVESTILLLIFE%5D%2Cres%5Bm%5D%2Chmver%5B2%5D&call=url[file:/product/main]",
      "title": "R Shirt",
      "price": 1535,
      "description": "A shirt is a cloth garment for the upper body. Originally an undergarment worn exclusively by men, it has become, in American English, a catch-all term for a broad variety of upper-body garments and undergarments."
    },
    {
      "id": 20,
      "img": "https://lp2.hm.com/hmgoepprod?set=quality%5B79%5D%2Csource%5B%2F1e%2F86%2F1e86c77fb86afc19daad9acb5b39470e7bc5ca1f.jpg%5D%2Corigin%5Bdam%5D%2Ccategory%5Bmen_tshirtstanks_shortsleeve%5D%2Ctype%5BDESCRIPTIVESTILLLIFE%5D%2Cres%5Bm%5D%2Chmver%5B2%5D&call=url[file:/product/main]",
      "title": "S Shirt",
      "price": 1164,
      "description": "A shirt is a cloth garment for the upper body. Originally an undergarment worn exclusively by men, it has become, in American English, a catch-all term for a broad variety of upper-body garments and undergarments."
    }
  ]
}